epoch,accuracy,loss,lr
0,0.53125,0.7485066038189512,0.001
